<annotation>
	<folder>test</folder>
	<filename>cam_image2.jpg</filename>
	<path>E:/pythonCodeX/Tensorflow/trainingTutorial/training_raks/object_detection/images/test/cam_image2.jpg</path>
	<source>
		<database>Unknown</database>
	</source>
	<size>
		<width>960</width>
		<height>540</height>
		<depth>3</depth>
	</size>
	<segmented>0</segmented>
	<object>
		<name>decease1</name>
		<pose>Unspecified</pose>
		<truncated>0</truncated>
		<difficult>0</difficult>
		<bndbox>
			<xmin>317</xmin>
			<ymin>34</ymin>
			<xmax>480</xmax>
			<ymax>246</ymax>
		</bndbox>
	</object>
	<object>
		<name>decease2</name>
		<pose>Unspecified</pose>
		<truncated>0</truncated>
		<difficult>0</difficult>
		<bndbox>
			<xmin>518</xmin>
			<ymin>31</ymin>
			<xmax>694</xmax>
			<ymax>238</ymax>
		</bndbox>
	</object>
</annotation>
